0x28d43e1180Be426a79746b1c56De7bC29616bD02,1000
0x28d43e1180Be426a79746b1c56De7bC29616bD02, 500
0x28d43e1180Be426a79746b1c56De7bC29616bD02,1000
0x28d43e1180Be426a79746b1c56De7bC29616bD02,1000
0x28d43e1180Be426a79746b1c56De7bC29616bD02,100
0x28d43e1180Be426a79746b1c56De7bC29616bD02,1000
0x28d43e1180Be426a79746b1c56De7bC29616bD02, 500
0x28d43e1180Be426a79746b1c56De7bC29616bD02,1000
0x28d43e1180Be426a79746b1c56De7bC29616bD02,1000
0x28d43e1180Be426a79746b1c56De7bC29616bD02,505
0x28d43e1180Be426a79746b1c56De7bC29616bD02,1000
0x28d43e1180Be426a79746b1c56De7bC29616bD02, 500
0x28d43e1180Be426a79746b1c56De7bC29616bD02,1000
0x28d43e1180Be426a79746b1c56De7bC29616bD02,1000
0x28d43e1180Be426a79746b1c56De7bC29616bD02,100